image,R1_R3,R1_R2,R2_R3
202201121748100022VAS_slice_1069.png,0.9065963,0.97432226,0.94465226
202201121748100022VAS_slice_1080.png,0.8960232,0.9478228,0.9488425
202201121748100022VAS_slice_1092.png,0.8601366,0.94003195,0.9443196
202201121748100022VAS_slice_1108.png,0.8807726,0.92395294,0.95658344
202201121748100022VAS_slice_1128.png,0.87527335,0.9573559,0.92772174
202201121748100022VAS_slice_1157.png,0.8566187,0.96064883,0.8631228
202201121748100022VAS_slice_1165.png,0.9122247,0.94343585,0.96937346
202201121748100022VAS_slice_1176.png,0.89467657,0.9465146,0.955705
202201121748100022VAS_slice_1183.png,0.920433,0.95430255,0.9649092
202201121748100022VAS_slice_1190.png,0.87991065,0.9459237,0.89690644
202201121748100022VAS_slice_1191.png,0.9196755,0.95797074,0.95939976
202201121748100022VAS_slice_1353.png,0.8230671,0.8940828,0.945297
202201121748100022VAS_slice_1362.png,0.84101015,0.9008736,0.97104657
202201121748100022VAS_slice_1393.png,0.92608064,0.92073953,0.9794237
202201121748100022VAS_slice_1407.png,0.9015989,0.97089696,0.95008606
202201121748100022VAS_slice_1411.png,0.9312144,0.9596663,0.9613081
202201121748100022VAS_slice_1419.png,0.87960243,0.9609369,0.9048808
202201121748100022VAS_slice_1420.png,0.8052597,0.96838117,0.85187465
202201121748100022VAS_slice_1444.png,0.88223803,0.8803159,0.9375893
202201121748100022VAS_slice_1447.png,0.87884223,0.92007846,0.97055405
202201121748100022VAS_slice_1450.png,0.86363125,0.92878723,0.93894744
202201121748100022VAS_slice_1452.png,0.87426674,0.92131805,0.96215785
202201121748100022VAS_slice_1454.png,0.84689176,0.9068843,0.9554432
202201121748100022VAS_slice_1458.png,0.8876525,0.902879,0.97664773
202201121748100022VAS_slice_1465.png,0.8709566,0.92415684,0.9363255
202201121748100022VAS_slice_1502.png,0.8659611,0.9262009,0.9620709
202201121748100022VAS_slice_1503.png,0.8977045,0.95015705,0.9565332
202201121748100022VAS_slice_1520.png,0.90470994,0.91479427,0.9529594
202201121748100022VAS_slice_1664.png,0.9130816,0.9505762,0.9621544
202201121748100022VAS_slice_1667.png,0.88977265,0.95167726,0.96723765
202201121748100022VAS_slice_1677.png,0.91345954,0.91918576,0.96553004
202201121748100022VAS_slice_1680.png,0.8873662,0.95583135,0.9223173
202201121748100022VAS_slice_1706.png,0.91573226,0.9699011,0.9579407
202201121748100022VAS_slice_1730.png,0.90353024,0.95318675,0.9717239
202201121748100022VAS_slice_1740.png,0.8851149,0.9456631,0.94730574
202201121748100022VAS_slice_1755.png,0.9327844,0.915342,0.9335686
202201121748100022VAS_slice_1791.png,0.9168206,0.96062857,0.9680801
202201121748100022VAS_slice_1806.png,0.8949546,0.9548123,0.92474824
202201121748100022VAS_slice_1810.png,0.9393488,0.97193694,0.97159207
202201121748100022VAS_slice_1811.png,0.90183955,0.94622916,0.958032
202201121748100022VAS_slice_1815.png,0.84270185,0.95522964,0.8703543
202201121748100022VAS_slice_1842.png,0.91499054,0.9677713,0.9627411
202201121748100022VAS_slice_1853.png,0.8742662,0.9653885,0.9092858
202201121748100022VAS_slice_1854.png,0.8903922,0.9395998,0.9145551
202201121748100022VAS_slice_1859.png,0.8688704,0.95018226,0.96001023
202201121748100022VAS_slice_1956.png,0.90064895,0.9623549,0.9586904
202201121748100022VAS_slice_1965.png,0.87961066,0.9595754,0.9505106
202201121748100022VAS_slice_1978.png,0.8727315,0.9223912,0.88843274
202201121748100022VAS_slice_2067.png,0.89131296,0.9746263,0.93917465
202201121748100022VAS_slice_2247.png,0.91505337,0.9705653,0.9545015
202201121748100022VAS_slice_2269.png,0.89784515,0.9553721,0.9640789
202201121748100022VAS_slice_2272.png,0.9235692,0.9794468,0.9555825
202201121748100022VAS_slice_2276.png,0.8759416,0.9618321,0.94980776
202201121748100022VAS_slice_2292.png,0.8975009,0.9463333,0.95641387
202201121748100022VAS_slice_2295.png,0.9216677,0.9631398,0.9606698
202201121748100022VAS_slice_2318.png,0.9424928,0.97683847,0.9723635
202201121748100022VAS_slice_2319.png,0.9361156,0.9747108,0.9670021
202201121748100022VAS_slice_2320.png,0.93382746,0.9789807,0.95130527
202201121748100022VAS_slice_2324.png,0.90763175,0.9737726,0.95840865
202201121748100022VAS_slice_2336.png,0.9107384,0.9565625,0.90684706
202201121748100022VAS_slice_2342.png,0.8930132,0.95759684,0.9464501
202201121748100022VAS_slice_2368.png,0.9270385,0.9541073,0.9471746
202201121748100022VAS_slice_2376.png,0.89118266,0.9739991,0.9393803
202201121748100022VAS_slice_2378.png,0.9167162,0.9809482,0.9316759
202201121748100022VAS_slice_2410.png,0.8742813,0.96080756,0.94078094
202201121748100022VAS_slice_2412.png,0.91076255,0.9746656,0.9540931
202201121748100022VAS_slice_2423.png,0.9262272,0.9605,0.9606075
202201121748100022VAS_slice_2447.png,0.90676343,0.9626016,0.95024115
202201121748100022VAS_slice_2451.png,0.8655913,0.9363258,0.95672095
202201121748100022VAS_slice_2454.png,0.8925208,0.93884766,0.9712131
202201121748100022VAS_slice_2459.png,0.89981216,0.9671414,0.94207114
202201121748100022VAS_slice_2468.png,0.8686861,0.9581486,0.92726773
202201121748100022VAS_slice_2503.png,0.9053831,0.9543346,0.9616338
202201121748100022VAS_slice_2504.png,0.91831356,0.93609023,0.9745258
202201121748100022VAS_slice_2506.png,0.90747654,0.93835354,0.9840961
202201121748100022VAS_slice_2608.png,0.9134883,0.9660393,0.96773493
202201121748100022VAS_slice_2627.png,0.89018905,0.9588069,0.9339396
202201121748100022VAS_slice_2630.png,0.8809619,0.94494927,0.93943036
202201121748100022VAS_slice_2652.png,0.9254806,0.9781714,0.9527242
202201121748100022VAS_slice_2689.png,0.929632,0.96124077,0.955019
202201121748100022VAS_slice_2733.png,0.91718835,0.9612269,0.95782536
202201121748100022VAS_slice_2894.png,0.94819593,0.9640925,0.9666092
202201121748100022VAS_slice_2909.png,0.89864886,0.92596066,0.9151772
202201121748100022VAS_slice_2918.png,0.86441135,0.9245174,0.9491924
202201121748100022VAS_slice_2919.png,0.91561246,0.9066205,0.9713832
202201121748100022VAS_slice_2949.png,0.9144247,0.9684752,0.9465804
202201121748100022VAS_slice_2952.png,0.91767883,0.97076076,0.9545086
202201121748100022VAS_slice_2956.png,0.9498025,0.9189333,0.9285694
202201121748100022VAS_slice_2958.png,0.91691804,0.95801747,0.95904464
202201121748100022VAS_slice_2990.png,0.92526275,0.96699816,0.9677993
202201121752220024VAS_slice_599.png,0.93085515,0.968806,0.95536727
202201121752220024VAS_slice_603.png,0.90720403,0.963839,0.9180136
202201121752220024VAS_slice_646.png,0.9134979,0.9473386,0.91028917
202201121752220024VAS_slice_657.png,0.9241779,0.97347796,0.9274133
202201121752220024VAS_slice_668.png,0.88169414,0.9451356,0.94823736
202201121752220024VAS_slice_691.png,0.9065738,0.9599216,0.87056684
202201121752220024VAS_slice_693.png,0.9364604,0.96687967,0.9707941
202201121752220024VAS_slice_699.png,0.93016756,0.97934127,0.95871866
202201121752220024VAS_slice_713.png,0.8948009,0.97340536,0.885786
202201121752220024VAS_slice_721.png,0.8380897,0.9669912,0.8758158
202201121805150026VAS_slice_1115.png,0.9195765,0.94706386,0.93168646
202201121805150026VAS_slice_1117.png,0.93057346,0.9584662,0.9614228
202201121805150026VAS_slice_1150.png,0.8384328,0.9607227,0.8543314
202201121805150026VAS_slice_1308.png,0.87963855,0.9601121,0.91691756
202201121805150026VAS_slice_1343.png,0.9231863,0.96652204,0.9576652
202201121805150026VAS_slice_1354.png,0.8682133,0.93823504,0.9326936
202201121805150026VAS_slice_1366.png,0.90724003,0.9149481,0.9220228
202201121805150026VAS_slice_1393.png,0.9447017,0.95679164,0.9634099
202201121805150026VAS_slice_1432.png,0.88100934,0.94095695,0.9469193
202201121805150026VAS_slice_1446.png,0.88229156,0.95504045,0.92484605
202201121805150026VAS_slice_253.png,0.86871415,0.92933744,0.94832927
202201121805150026VAS_slice_261.png,0.874577,0.94651365,0.8999971
202201121805150026VAS_slice_359.png,0.88328636,0.95593685,0.86222184
202201121805150026VAS_slice_380.png,0.8715028,0.96567345,0.93738174
202201121805150026VAS_slice_409.png,0.8136147,0.9653014,0.889582
202201121805150026VAS_slice_468.png,0.8933802,0.9424567,0.9177979
202201121805150026VAS_slice_496.png,0.9304304,0.98318493,0.94916254
202201121805150026VAS_slice_514.png,0.92443603,0.94952345,0.9446442
202201121805150026VAS_slice_521.png,0.908128,0.9703358,0.9447437
202201121805150026VAS_slice_534.png,0.9211321,0.9664517,0.95704323
202201121805150026VAS_slice_541.png,0.9151401,0.94043607,0.95867264
202201121805150026VAS_slice_547.png,0.89461577,0.9799582,0.9132564
202201121805150026VAS_slice_560.png,0.91136336,0.9548125,0.9518149
202201121805150026VAS_slice_609.png,0.8288803,0.9649679,0.8842735
202201121805150026VAS_slice_621.png,0.87463135,0.9452388,0.9052795
202201121805150026VAS_slice_630.png,0.88398385,0.979573,0.89227986
202201121805150026VAS_slice_635.png,0.86151886,0.96380734,0.8757312
202201121805150026VAS_slice_640.png,0.84148353,0.9761095,0.8641862
202201121805150026VAS_slice_655.png,0.8864115,0.95839214,0.9221691
202201121805150026VAS_slice_694.png,0.9060042,0.9525796,0.9012047
202201121805150026VAS_slice_729.png,0.9136452,0.9660328,0.9178952
202201121805150026VAS_slice_750.png,0.93216884,0.9842435,0.96274596
202201121805150026VAS_slice_755.png,0.87478715,0.9694898,0.89664996
202201121805150026VAS_slice_782.png,0.92226696,0.9599109,0.90483063
202201121806070027VAS_slice_103.png,0.92928,0.9652493,0.9347205
202201121806070027VAS_slice_113.png,0.91240615,0.983218,0.930568
202201121806070027VAS_slice_158.png,0.9037986,0.95528877,0.92532504
202201121806070027VAS_slice_24.png,0.92930424,0.9634342,0.9484701
202201121806070027VAS_slice_26.png,0.8800118,0.9442588,0.94067633
202201121806070027VAS_slice_297.png,0.8564256,0.9699518,0.87360007
202201121806070027VAS_slice_36.png,0.91635585,0.95152855,0.9567218
202201121806070027VAS_slice_370.png,0.93431133,0.96434814,0.94128996
202201121806070027VAS_slice_396.png,0.89439833,0.9785054,0.90820575
202201121806070027VAS_slice_54.png,0.86314666,0.9735323,0.8651675
202201121806070027VAS_slice_56.png,0.8597342,0.97606146,0.87375236
202201121806070027VAS_slice_82.png,0.94326884,0.97960746,0.9674714
202201121807410028VAS_slice_693.png,0.86856973,0.9629636,0.91075313
202201121807410028VAS_slice_700.png,0.87551236,0.96380293,0.92585564
202201121808450029VAS_slice_4687.png,0.8876698,0.97662336,0.9225992
202201121808450029VAS_slice_4699.png,0.8905717,0.9712079,0.9074287
202201121808450029VAS_slice_4705.png,0.8155284,0.9822974,0.84686613
202201121808450029VAS_slice_4710.png,0.89036936,0.9678171,0.95283026
202201121808450029VAS_slice_4736.png,0.8740815,0.9644247,0.9246186
202201121808450029VAS_slice_4764.png,0.9390803,0.960193,0.9698987
202201121808450029VAS_slice_4767.png,0.8798711,0.9552293,0.9142264
202201121808450029VAS_slice_4774.png,0.87367857,0.9832418,0.9020992
202201121808450029VAS_slice_4813.png,0.9252464,0.9473657,0.9246369
202201121808450029VAS_slice_4843.png,0.9120202,0.9807501,0.9260388
202201121808450029VAS_slice_5215.png,0.89625865,0.97882044,0.9317727
202201121808450029VAS_slice_5339.png,0.8492763,0.9735158,0.86024207
202201121808450029VAS_slice_5415.png,0.93812746,0.97779554,0.9633696
202201121808450029VAS_slice_5440.png,0.89977396,0.97361195,0.8767808
202201121808450029VAS_slice_5480.png,0.91074824,0.9809489,0.94002235
202201121808450029VAS_slice_5502.png,0.8980784,0.9839294,0.93640995
202201121808450029VAS_slice_5505.png,0.9024738,0.96924067,0.95288527
202201121808450029VAS_slice_5516.png,0.93788385,0.9773774,0.9616996
202201121808450029VAS_slice_5525.png,0.90289605,0.98223126,0.9244856
202201121808450029VAS_slice_5526.png,0.91533476,0.9668516,0.8963565
202201121808450029VAS_slice_5575.png,0.90151834,0.9327609,0.89410377
202201121808450029VAS_slice_5580.png,0.87875795,0.9788269,0.9015151
202201121808450029VAS_slice_5608.png,0.8931316,0.94920945,0.8606277
202201121808450029VAS_slice_5646.png,0.87276137,0.9568712,0.8178445
202201121808450029VAS_slice_5654.png,0.90514684,0.96119523,0.8938469
202201121808450029VAS_slice_5857.png,0.87713575,0.9655032,0.92186576
202201121808450029VAS_slice_5872.png,0.9008317,0.96737254,0.9173562
202201121808450029VAS_slice_5942.png,0.94577444,0.9726609,0.952418
202201121808450029VAS_slice_6019.png,0.85931337,0.9651763,0.880613
202201121814260031VAS_slice_254.png,0.9129152,0.95890445,0.94864845
202201121814260031VAS_slice_271.png,0.91360736,0.93991613,0.94004214
202201121814260031VAS_slice_275.png,0.9041085,0.9491811,0.9570836
202201121814260031VAS_slice_282.png,0.9082215,0.9558588,0.9040749
202201121814260031VAS_slice_306.png,0.88306844,0.9494439,0.94586
202201121814260031VAS_slice_355.png,0.91772294,0.95826614,0.9499868
202201121814260031VAS_slice_394.png,0.89922804,0.9737254,0.9389219
202201121814260031VAS_slice_395.png,0.9150843,0.9774792,0.94817764
202201121814260031VAS_slice_421.png,0.8608576,0.94423264,0.913419
202201121814260031VAS_slice_442.png,0.9258303,0.940557,0.9638326
202201121814260031VAS_slice_457.png,0.8991158,0.9629097,0.9547899
202201121814260031VAS_slice_470.png,0.93755597,0.9687616,0.936599
202201121814260031VAS_slice_472.png,0.89997995,0.92193234,0.9554194
202201121814260031VAS_slice_477.png,0.89965117,0.9636136,0.93757695
202201121814260031VAS_slice_488.png,0.8647975,0.9392036,0.93109894
202201121814260031VAS_slice_509.png,0.9394362,0.9656355,0.95805395
202201121814260031VAS_slice_518.png,0.9316689,0.94796646,0.96092063
202201121814260031VAS_slice_543.png,0.8909902,0.9636712,0.92944705
202201121814260031VAS_slice_547.png,0.9456073,0.98015624,0.9445737
202201121814260031VAS_slice_556.png,0.9195343,0.9596656,0.88997215
202201121814260031VAS_slice_560.png,0.90723145,0.9500325,0.8911121
202201121814260031VAS_slice_562.png,0.92671824,0.9801855,0.92056644
202201121814260031VAS_slice_565.png,0.9141828,0.9713372,0.9627842
202201121815070032VAS_slice_1302.png,0.9067733,0.94960177,0.88720334
202201121815070032VAS_slice_1334.png,0.893531,0.905781,0.94696563
202201121815070032VAS_slice_1362.png,0.92089534,0.97522676,0.94201404
202201121815070032VAS_slice_1440.png,0.8939425,0.97752905,0.9130881
202201121815070032VAS_slice_1442.png,0.88983786,0.9634802,0.9301288
202201121815070032VAS_slice_1448.png,0.91864896,0.96969,0.9034405
202201121815070032VAS_slice_1467.png,0.88762647,0.9793509,0.8842697
202201121815070032VAS_slice_1480.png,0.8730087,0.97622,0.87279016
202201121815070032VAS_slice_1563.png,0.8730056,0.97355735,0.8669801
202201121815070032VAS_slice_1588.png,0.83756745,0.93906534,0.8752239
202201121815070032VAS_slice_1638.png,0.8953861,0.9739515,0.8676744
202201121815070032VAS_slice_1647.png,0.8702418,0.9508102,0.9061477
202201121815070032VAS_slice_1663.png,0.89276886,0.98803353,0.8787227
202201121815070032VAS_slice_1669.png,0.9122038,0.9738803,0.90202284
202201121815070032VAS_slice_1674.png,0.89774215,0.97455746,0.8717742
202201121815070032VAS_slice_1700.png,0.9103659,0.9817811,0.9244497
202201121815070032VAS_slice_1706.png,0.85365736,0.9802302,0.88121164
202201121815070032VAS_slice_1750.png,0.89089787,0.97935694,0.8910237
202201121815070032VAS_slice_1759.png,0.900786,0.9422921,0.9129189
202201121815070032VAS_slice_1820.png,0.86503726,0.9728601,0.83144176
202201121815070032VAS_slice_1886.png,0.9262929,0.95709205,0.92918825
202201121815070032VAS_slice_1922.png,0.8775822,0.9265111,0.93431705
202201121815070032VAS_slice_1962.png,0.9151758,0.95731175,0.94111353
202201121815070032VAS_slice_1982.png,0.9183196,0.942227,0.90978706
202201121815070032VAS_slice_2036.png,0.9396038,0.9461129,0.9141762
202201121815070032VAS_slice_2121.png,0.87615466,0.9820422,0.89891857
202201121815070032VAS_slice_2127.png,0.9131381,0.94414186,0.95646536
202201121815070032VAS_slice_2150.png,0.85152817,0.97164094,0.8712717
202201121815070032VAS_slice_2183.png,0.93177426,0.94929445,0.9531486
202201121815070032VAS_slice_2211.png,0.9050445,0.9593837,0.9319282
202201121815070032VAS_slice_2247.png,0.93074185,0.9653693,0.971707
202201121815070032VAS_slice_2301.png,0.93263173,0.9693553,0.9207158
202201121815070032VAS_slice_2377.png,0.921221,0.9526135,0.9441294
202201121815070032VAS_slice_2380.png,0.8970522,0.9421201,0.93677175
202201121815070032VAS_slice_2382.png,0.92582566,0.9526901,0.9540097
202201121815070032VAS_slice_2398.png,0.9123233,0.9622034,0.96957064
202201121815070032VAS_slice_2431.png,0.89434284,0.9102584,0.85904825
202201121815070032VAS_slice_2446.png,0.92757714,0.96961915,0.94518936
202201121815070032VAS_slice_2457.png,0.8929204,0.96368355,0.94545907
202201121815070032VAS_slice_2482.png,0.94198513,0.97436917,0.9491333
202201121815070032VAS_slice_465.png,0.90934026,0.97282374,0.9363911
202201121815070032VAS_slice_470.png,0.8995417,0.97441375,0.9374063
202201121815070032VAS_slice_482.png,0.91731006,0.97267383,0.9341716
202201121815070032VAS_slice_529.png,0.92592466,0.960889,0.9469795
202201121815070032VAS_slice_592.png,0.9137998,0.9692092,0.9327955
202201121815070032VAS_slice_624.png,0.86471164,0.9704843,0.8473507
202201121819140033VAS_slice_1021.png,0.9191748,0.97985303,0.95482486
202201121819140033VAS_slice_1063.png,0.93634653,0.96669465,0.94271505
202201121819140033VAS_slice_1097.png,0.93768585,0.95403737,0.9719571
202201121819140033VAS_slice_1151.png,0.93515825,0.9776145,0.94502795
202201121819140033VAS_slice_1175.png,0.9404417,0.948271,0.9785363
202201121819140033VAS_slice_1203.png,0.90343165,0.8902135,0.9238149
202201121819140033VAS_slice_1221.png,0.93946207,0.9540722,0.9650628
202201121819140033VAS_slice_1378.png,0.96102333,0.9823712,0.9783322
202201121819140033VAS_slice_1453.png,0.8895344,0.96090686,0.8687098
202201121819140033VAS_slice_1488.png,0.93169725,0.9620577,0.8873817
202201121819140033VAS_slice_1497.png,0.8992249,0.9522463,0.86859787
202201121819140033VAS_slice_1503.png,0.90794045,0.9767832,0.9236072
202201121819140033VAS_slice_1557.png,0.87846345,0.97136426,0.86897194
202201121819140033VAS_slice_1560.png,0.9138427,0.9339749,0.9587366
202201121819140033VAS_slice_160.png,0.9358586,0.96347797,0.96123147
202201121819140033VAS_slice_1640.png,0.9287486,0.9727124,0.94572246
202201121819140033VAS_slice_1644.png,0.8642815,0.9765717,0.90784466
202201121819140033VAS_slice_166.png,0.91674125,0.9671982,0.958578
202201121819140033VAS_slice_174.png,0.9295175,0.9697833,0.9577966
202201121819140033VAS_slice_1796.png,0.94371927,0.9682463,0.973027
202201121819140033VAS_slice_193.png,0.89430034,0.9436091,0.9164293
202201121819140033VAS_slice_1976.png,0.8931229,0.9345584,0.9136035
202201121819140033VAS_slice_199.png,0.9333227,0.96976405,0.95934135
202201121819140033VAS_slice_1992.png,0.9189183,0.98455036,0.94962037
202201121819140033VAS_slice_1997.png,0.91976416,0.9443857,0.9392526
202201121819140033VAS_slice_2022.png,0.9271581,0.98089975,0.95540637
202201121819140033VAS_slice_283.png,0.92615783,0.95265096,0.9528888
202201121819140033VAS_slice_295.png,0.9436151,0.94745815,0.9615325
202201121819140033VAS_slice_355.png,0.9368417,0.96590924,0.9438094
202201121819140033VAS_slice_387.png,0.924263,0.9615518,0.92045885
202201121819140033VAS_slice_422.png,0.8985697,0.96293604,0.86229384
202201121819140033VAS_slice_429.png,0.83053184,0.96897185,0.87195337
202201121819140033VAS_slice_440.png,0.9237507,0.96258855,0.9338081
202201121819140033VAS_slice_455.png,0.86095047,0.9717973,0.85697687
202201121819140033VAS_slice_465.png,0.9269429,0.9688472,0.924656
202201121819140033VAS_slice_467.png,0.93144816,0.9630511,0.92467004
202201121819140033VAS_slice_474.png,0.8822154,0.94735825,0.93061644
202201121819140033VAS_slice_537.png,0.94177866,0.9631949,0.9484612
202201121819140033VAS_slice_542.png,0.9246457,0.9482902,0.92870194
202201121819140033VAS_slice_571.png,0.93233424,0.91467524,0.95980185
202201121819140033VAS_slice_605.png,0.9207645,0.97123927,0.94548273
202201121819140033VAS_slice_617.png,0.94935495,0.96187925,0.96044636
202201121819140033VAS_slice_638.png,0.8298781,0.96198034,0.8907472
202201121819140033VAS_slice_655.png,0.9307361,0.9392309,0.95821655
202201121819140033VAS_slice_662.png,0.85940385,0.9369037,0.92764926
202201121819140033VAS_slice_744.png,0.9332992,0.9769117,0.93068415
202201121819140033VAS_slice_758.png,0.9067385,0.9839586,0.8985814
202201121819140033VAS_slice_815.png,0.9051771,0.9487758,0.90471697
202201121819140033VAS_slice_825.png,0.9043108,0.9499482,0.95157003
202201121819140033VAS_slice_862.png,0.9239743,0.98152125,0.942724
202201121819140033VAS_slice_899.png,0.9550127,0.9764625,0.96527773
202201121819140033VAS_slice_917.png,0.8512428,0.960091,0.89813995
202201121819140033VAS_slice_958.png,0.91809994,0.9585128,0.9087376
202201121819140033VAS_slice_963.png,0.93766016,0.9364324,0.8919915
202201121823140034VAS_slice_173.png,0.8597809,0.9599836,0.90039194
202201121823140034VAS_slice_177.png,0.86863685,0.9634573,0.90426946
202201121823140034VAS_slice_186.png,0.937539,0.9626597,0.9567131
202201121823140034VAS_slice_227.png,0.91070306,0.9473477,0.96557856
202201121823140034VAS_slice_234.png,0.83975697,0.9042457,0.88057375
202201121823140034VAS_slice_237.png,0.86802226,0.94574785,0.8883196
202201121823140034VAS_slice_254.png,0.9250897,0.94220674,0.9428374
202201121823140034VAS_slice_322.png,0.8960532,0.960317,0.9540113
202201121823140034VAS_slice_330.png,0.94005847,0.94772696,0.9760499
202201121823140034VAS_slice_345.png,0.8854717,0.9508269,0.952083
202201121823140034VAS_slice_405.png,0.9172945,0.9648906,0.9513026
202201121823140034VAS_slice_408.png,0.8959064,0.96752405,0.92219675
202201121823140034VAS_slice_410.png,0.8656286,0.9796138,0.8941561
202201121823140034VAS_slice_430.png,0.9196566,0.9739704,0.94791454
202201121823140034VAS_slice_442.png,0.86938405,0.9754252,0.90306425
202201121823140034VAS_slice_455.png,0.89358747,0.9812927,0.93166995
202201121823140034VAS_slice_479.png,0.9083632,0.9713402,0.95683825
202201121823380035VAS_slice_1323.png,0.89160764,0.95141536,0.95805347
202201121823380035VAS_slice_1330.png,0.9097967,0.9676248,0.96042675
202201121823380035VAS_slice_1343.png,0.9120288,0.952939,0.9443006
202201121823380035VAS_slice_1409.png,0.89250606,0.9175479,0.87849635
202201121823380035VAS_slice_1420.png,0.90190244,0.9649559,0.9061789
202201121823380035VAS_slice_1463.png,0.87641084,0.93802536,0.9154382
202201121823380035VAS_slice_1467.png,0.88004297,0.94777787,0.9439997
202201121823380035VAS_slice_1473.png,0.8992072,0.94285774,0.9404559
202201121823380035VAS_slice_1479.png,0.8722329,0.94111,0.9606573
202201121823380035VAS_slice_1486.png,0.8871144,0.8966861,0.93810564
202201121823380035VAS_slice_151.png,0.9113598,0.9608775,0.93301094
202201121823380035VAS_slice_1514.png,0.8998148,0.9142783,0.9600108
202201121823380035VAS_slice_154.png,0.90771997,0.9548151,0.96411806
202201121823380035VAS_slice_1550.png,0.9151975,0.9578756,0.92999846
202201121823380035VAS_slice_1554.png,0.93132275,0.9505638,0.9553795
202201121823380035VAS_slice_1556.png,0.8613012,0.9544363,0.9022873
202201121823380035VAS_slice_21.png,0.9292718,0.95683515,0.97417384
202201121823380035VAS_slice_240.png,0.8934359,0.95146716,0.8898264
202201121823380035VAS_slice_253.png,0.9052719,0.9497874,0.94788015
202201121823380035VAS_slice_327.png,0.85396576,0.9460647,0.93560827
202201121823380035VAS_slice_336.png,0.8830996,0.9258306,0.97134674
202201121823380035VAS_slice_340.png,0.9324223,0.9543736,0.973274
202201121823380035VAS_slice_389.png,0.90097404,0.94168556,0.9792738
202201121823380035VAS_slice_390.png,0.88262624,0.91211563,0.92754847
202201121823380035VAS_slice_400.png,0.91421497,0.9469104,0.9510376
202201121823380035VAS_slice_403.png,0.90552515,0.9684851,0.9341294
202201121823380035VAS_slice_41.png,0.912017,0.9750354,0.95528835
202201121823380035VAS_slice_442.png,0.8743586,0.94316155,0.95663834
202201121823380035VAS_slice_465.png,0.8868927,0.9381267,0.93850446
202201121823380035VAS_slice_471.png,0.84079576,0.9521163,0.92037
202201121823380035VAS_slice_472.png,0.8637643,0.9597023,0.90079445
202201121823380035VAS_slice_528.png,0.92976725,0.95369565,0.96324766
202201121823380035VAS_slice_530.png,0.9388347,0.9472586,0.92076063
202201121823380035VAS_slice_553.png,0.91088456,0.96047103,0.94923335
202201121823380035VAS_slice_558.png,0.8848534,0.967393,0.9512912
202201121823380035VAS_slice_612.png,0.8867518,0.9518752,0.90263045
202201121823380035VAS_slice_616.png,0.89319646,0.9218799,0.9184629
202201121823380035VAS_slice_626.png,0.9080806,0.945633,0.9471887
202201121823380035VAS_slice_64.png,0.95489216,0.96659887,0.957999
202201121823380035VAS_slice_649.png,0.86913735,0.93362045,0.9527853
202201121823380035VAS_slice_668.png,0.8805903,0.94178593,0.95772994
202201121823380035VAS_slice_696.png,0.8551817,0.91106844,0.8939823
202201121823380035VAS_slice_699.png,0.8054142,0.9316664,0.90980476
202201121823380035VAS_slice_712.png,0.85627735,0.93799865,0.9357673
202201121826590036VAS_slice_1052.png,0.9427477,0.9664991,0.94615567
202201121826590036VAS_slice_1065.png,0.8949358,0.9565042,0.90161467
202201121826590036VAS_slice_1074.png,0.9026134,0.96824694,0.9068067
202201121826590036VAS_slice_1083.png,0.91184115,0.9672923,0.9195997
202201121826590036VAS_slice_157.png,0.8696376,0.9721051,0.8808608
202201121826590036VAS_slice_300.png,0.88998836,0.97208005,0.8669143
202201121826590036VAS_slice_318.png,0.88860303,0.9526856,0.8943486
202201121826590036VAS_slice_354.png,0.88317865,0.959368,0.8801547
202201121826590036VAS_slice_360.png,0.8848869,0.9429295,0.8989743
202201121826590036VAS_slice_372.png,0.8690894,0.9737342,0.8817061
202201121826590036VAS_slice_436.png,0.86927533,0.9592893,0.8551339
202201121826590036VAS_slice_455.png,0.8752568,0.9747369,0.90100574
202201121826590036VAS_slice_475.png,0.8916008,0.9794421,0.8898838
202201121826590036VAS_slice_476.png,0.8506172,0.95554733,0.90546614
202201121826590036VAS_slice_494.png,0.91290426,0.9634471,0.9496879
202201121826590036VAS_slice_496.png,0.86609745,0.9593906,0.89787054
202201121826590036VAS_slice_528.png,0.9449395,0.95901996,0.9152463
202201121826590036VAS_slice_549.png,0.93500257,0.97377247,0.9407294
202201121826590036VAS_slice_571.png,0.92655957,0.98063505,0.91968113
202201121826590036VAS_slice_580.png,0.91376454,0.9332885,0.89422464
202201121826590036VAS_slice_589.png,0.90450054,0.95826924,0.94094276
202201121826590036VAS_slice_621.png,0.9141692,0.9565815,0.9070932
202201121826590036VAS_slice_660.png,0.9253181,0.9768726,0.95637876
202201121826590036VAS_slice_676.png,0.91806185,0.9633308,0.9009559
202201121826590036VAS_slice_689.png,0.92440534,0.97880435,0.9519892
202201121826590036VAS_slice_705.png,0.9058676,0.96737117,0.9118125
202201121826590036VAS_slice_712.png,0.89985174,0.9717196,0.8960016
202201121826590036VAS_slice_718.png,0.91687334,0.9612378,0.9549278
202201121826590036VAS_slice_750.png,0.95413667,0.9613124,0.93931717
202201121826590036VAS_slice_756.png,0.91558874,0.9487158,0.91508156
202201121826590036VAS_slice_770.png,0.87849617,0.9804026,0.89693826
202201121826590036VAS_slice_776.png,0.9338064,0.978529,0.91916835
202201121826590036VAS_slice_793.png,0.91924566,0.9751848,0.9573288
202201121826590036VAS_slice_865.png,0.89440185,0.9626366,0.9392699
202201121826590036VAS_slice_882.png,0.94009984,0.96627027,0.9569422
202201121826590036VAS_slice_910.png,0.8879273,0.9524909,0.933166
202201121826590036VAS_slice_913.png,0.8841763,0.97352314,0.92170644
202201121826590036VAS_slice_924.png,0.8042189,0.9527043,0.8746232
202201121826590036VAS_slice_930.png,0.8695739,0.9757795,0.91369295
202201121834300037VAS_slice_1064.png,0.8867054,0.95027554,0.9310506
202201121834300037VAS_slice_1245.png,0.8445896,0.9658952,0.8583615
202201121834300037VAS_slice_1303.png,0.91055197,0.97210944,0.93377864
202201121834300037VAS_slice_1393.png,0.9375291,0.95865726,0.95793885
202201121834300037VAS_slice_1508.png,0.8849255,0.95614284,0.89423305
202201121834300037VAS_slice_1509.png,0.91607904,0.94415957,0.91057205
202201121834300037VAS_slice_1611.png,0.9074849,0.9550272,0.9693494
202201121834300037VAS_slice_1654.png,0.9059009,0.9797411,0.907225
202201121834300037VAS_slice_1717.png,0.9145541,0.944818,0.9457767
202201121834300037VAS_slice_1735.png,0.84014153,0.9616586,0.8628205
202201121834300037VAS_slice_1739.png,0.91485864,0.9665347,0.9438647
202201121834300037VAS_slice_1857.png,0.8720467,0.95783544,0.8625389
202201121834300037VAS_slice_1865.png,0.9336493,0.98276997,0.9323932
202201121834300037VAS_slice_2065.png,0.92741954,0.95021176,0.9194641
202201121834300037VAS_slice_2081.png,0.9346708,0.9653665,0.95706004
202201121834300037VAS_slice_2085.png,0.8602483,0.9572656,0.8928604
202201121834300037VAS_slice_2140.png,0.9620853,0.94016105,0.94589627
202201121834300037VAS_slice_2209.png,0.89805466,0.9606943,0.9421556
202201121834300037VAS_slice_2495.png,0.93072695,0.97308236,0.9638311
202201121834300037VAS_slice_2571.png,0.9295686,0.97237,0.91217166
202201121834300037VAS_slice_2662.png,0.9328063,0.940976,0.961493
202201121834300037VAS_slice_2674.png,0.9075478,0.96495366,0.88634443
202201121834300037VAS_slice_2678.png,0.9233135,0.96082026,0.9540279
202201121834300037VAS_slice_2833.png,0.9025973,0.9450748,0.9659584
202201121834300037VAS_slice_2860.png,0.92606187,0.94981325,0.96405536
202201121834300037VAS_slice_293.png,0.89204895,0.95959795,0.930349
202201121834300037VAS_slice_2967.png,0.93275034,0.96768934,0.89928424
202201121834300037VAS_slice_3067.png,0.8971483,0.95790887,0.9256987
202201121834300037VAS_slice_3183.png,0.9543524,0.94661033,0.92861825
202201121834300037VAS_slice_3226.png,0.9100082,0.9462137,0.9627222
202201121834300037VAS_slice_3245.png,0.9334587,0.9567826,0.966173
202201121834300037VAS_slice_3321.png,0.9090153,0.9511767,0.96034116
202201121834300037VAS_slice_3423.png,0.8848511,0.9750955,0.91812724
202201121834300037VAS_slice_3446.png,0.9271402,0.986153,0.9459575
202201121834300037VAS_slice_3505.png,0.84772307,0.9669457,0.8591325
202201121834300037VAS_slice_3890.png,0.910133,0.95319116,0.93067646
202201121834300037VAS_slice_3891.png,0.9085331,0.9361744,0.93229675
202201121834300037VAS_slice_4024.png,0.9112027,0.95122826,0.9251865
202201121834300037VAS_slice_4107.png,0.8619501,0.9299012,0.89943856
202201121834300037VAS_slice_4217.png,0.9256527,0.96979696,0.92610264
202201121834300037VAS_slice_4246.png,0.9463313,0.969352,0.95398456
202201121834300037VAS_slice_4328.png,0.92517704,0.97782075,0.9323827
202201121834300037VAS_slice_4352.png,0.9146884,0.9549269,0.9473951
202201121834300037VAS_slice_4389.png,0.92732793,0.96586883,0.9080194
202201121834300037VAS_slice_4410.png,0.8736111,0.9728371,0.88788277
202201121834300037VAS_slice_755.png,0.86119354,0.9668965,0.8767092
202201121834300037VAS_slice_949.png,0.8798697,0.9746701,0.89749753
202201121834300037VAS_slice_978.png,0.93471944,0.971577,0.95074105
202201121837530038VAS_slice_1019.png,0.91508424,0.97368014,0.9160322
202201121837530038VAS_slice_1045.png,0.9151964,0.9316409,0.9348558
202201121837530038VAS_slice_1104.png,0.9408001,0.9727667,0.9295885
202201121837530038VAS_slice_1117.png,0.926376,0.958879,0.9233223
202201121837530038VAS_slice_1130.png,0.9160209,0.95772594,0.9165222
202201121837530038VAS_slice_1137.png,0.8920964,0.9497447,0.90357435
202201121837530038VAS_slice_1171.png,0.9334298,0.9755299,0.96119344
202201121837530038VAS_slice_1200.png,0.9128139,0.96687096,0.8594271
202201121837530038VAS_slice_1259.png,0.91054904,0.96866256,0.9519466
202201121837530038VAS_slice_1291.png,0.9076763,0.9732926,0.90992737
202201121837530038VAS_slice_1307.png,0.8510614,0.9634595,0.85521907
202201121837530038VAS_slice_1339.png,0.8778766,0.96405804,0.8663769
202201121837530038VAS_slice_1350.png,0.91803086,0.9628798,0.92136526
202201121837530038VAS_slice_1371.png,0.9199661,0.9774097,0.9462026
202201121837530038VAS_slice_1399.png,0.94763964,0.9682693,0.9549829
202201121837530038VAS_slice_1410.png,0.9543838,0.94311225,0.9593003
202201121837530038VAS_slice_1451.png,0.93233675,0.93332803,0.9297888
202201121837530038VAS_slice_1518.png,0.9053501,0.9656765,0.9136657
202201121837530038VAS_slice_1577.png,0.9037711,0.9489361,0.90292037
202201121837530038VAS_slice_1580.png,0.9305178,0.9658279,0.941063
202201121837530038VAS_slice_1581.png,0.93266696,0.9701288,0.9630798
202201121837530038VAS_slice_1659.png,0.93527794,0.9290768,0.8975717
202201121837530038VAS_slice_1725.png,0.8904005,0.953567,0.8663503
202201121837530038VAS_slice_1752.png,0.894921,0.9771588,0.9040645
202201121837530038VAS_slice_1815.png,0.9467951,0.933829,0.942835
202201121837530038VAS_slice_1829.png,0.89042926,0.9538374,0.92947316
202201121837530038VAS_slice_1830.png,0.8809773,0.918103,0.95120096
202201121837530038VAS_slice_1890.png,0.9251047,0.9615233,0.94850296
202201121837530038VAS_slice_1914.png,0.93001735,0.95005983,0.93748266
202201121837530038VAS_slice_1981.png,0.9189068,0.96687996,0.9183061
202201121837530038VAS_slice_2043.png,0.9406395,0.97925174,0.955207
202201121837530038VAS_slice_2076.png,0.9222405,0.97557765,0.94534385
202201121837530038VAS_slice_2092.png,0.91532755,0.9668533,0.94383156
202201121837530038VAS_slice_2098.png,0.91260946,0.9372946,0.90070814
202201121837530038VAS_slice_236.png,0.89042705,0.96434677,0.93028796
202201121837530038VAS_slice_238.png,0.89674187,0.9538814,0.91664207
202201121837530038VAS_slice_269.png,0.8641527,0.9574769,0.8818428
202201121837530038VAS_slice_319.png,0.9071213,0.9431488,0.8706743
202201121837530038VAS_slice_407.png,0.93101764,0.9523444,0.94066906
202201121837530038VAS_slice_417.png,0.9158857,0.94699275,0.88866687
202201121837530038VAS_slice_429.png,0.8713519,0.9705329,0.8623996
202201121837530038VAS_slice_489.png,0.92177904,0.96756434,0.9627398
202201121837530038VAS_slice_541.png,0.9287238,0.9732404,0.90730065
202201121837530038VAS_slice_551.png,0.8750983,0.9708387,0.8352422
202201121837530038VAS_slice_573.png,0.9023732,0.9691998,0.86537236
202201121837530038VAS_slice_702.png,0.9518421,0.98234934,0.96252465
202201121837530038VAS_slice_748.png,0.87340367,0.9700804,0.842589
202201121837530038VAS_slice_750.png,0.93706936,0.9775469,0.94392025
202201121837530038VAS_slice_781.png,0.9033177,0.9858044,0.8871939
202201121837530038VAS_slice_785.png,0.8841139,0.9687219,0.8498875
202201121837530038VAS_slice_819.png,0.9152808,0.9721811,0.9474513
202201121837530038VAS_slice_975.png,0.9117838,0.9688791,0.8966573
202201121841080039VAS_slice_1101.png,0.90419924,0.9800187,0.92700136
202201121841080039VAS_slice_1106.png,0.9390436,0.9675005,0.9676467
202201121841080039VAS_slice_1122.png,0.93387556,0.9738767,0.947872
202201121841080039VAS_slice_1124.png,0.9126443,0.9732705,0.95989156
202201121841080039VAS_slice_130.png,0.8895462,0.9400843,0.85650593
202201121841080039VAS_slice_1378.png,0.89025104,0.95654106,0.87255156
202201121841080039VAS_slice_15.png,0.84930307,0.94698596,0.8172935
202201121841080039VAS_slice_1608.png,0.82180566,0.9676012,0.85711026
202201121841080039VAS_slice_1635.png,0.93673515,0.9682232,0.9686788
202201121841080039VAS_slice_1822.png,0.927272,0.9731972,0.9463853
202201121841080039VAS_slice_183.png,0.9261388,0.97360444,0.92581403
202201121841080039VAS_slice_2153.png,0.93729436,0.9654654,0.95158845
202201121841080039VAS_slice_2292.png,0.9359568,0.97631294,0.9457769
202201121841080039VAS_slice_2319.png,0.8936765,0.96358377,0.9029949
202201121841080039VAS_slice_233.png,0.90024835,0.956792,0.8575493
202201121841080039VAS_slice_2478.png,0.8802861,0.9258362,0.9747566
202201121841080039VAS_slice_2501.png,0.9450213,0.9562267,0.96596605
202201121841080039VAS_slice_2526.png,0.925855,0.9578773,0.96390873
202201121841080039VAS_slice_260.png,0.94814575,0.9711907,0.9555943
202201121841080039VAS_slice_2617.png,0.8962558,0.84989893,0.8880357
202201121841080039VAS_slice_2650.png,0.9295194,0.9523959,0.9496477
202201121841080039VAS_slice_274.png,0.946604,0.9654876,0.961175
202201121841080039VAS_slice_2787.png,0.9567246,0.9810156,0.965953
202201121841080039VAS_slice_2792.png,0.8964507,0.9381625,0.93552125
202201121841080039VAS_slice_2834.png,0.9230237,0.96091485,0.9375427
202201121841080039VAS_slice_2860.png,0.88639784,0.9530375,0.93346083
202201121841080039VAS_slice_2947.png,0.88562715,0.9184407,0.94334275
202201121841080039VAS_slice_295.png,0.8621971,0.96570617,0.8916654
202201121841080039VAS_slice_2971.png,0.876397,0.9404135,0.94378227
202201121841080039VAS_slice_3019.png,0.8797889,0.9562629,0.9488342
202201121841080039VAS_slice_3030.png,0.941484,0.9398364,0.93445694
202201121841080039VAS_slice_3057.png,0.9099244,0.94328237,0.906483
202201121841080039VAS_slice_3059.png,0.9105123,0.9326334,0.9593066
202201121841080039VAS_slice_3100.png,0.9040743,0.9587029,0.9558641
202201121841080039VAS_slice_3113.png,0.9036203,0.9236481,0.96735334
202201121841080039VAS_slice_3115.png,0.9192104,0.97002816,0.9477416
202201121841080039VAS_slice_3156.png,0.889354,0.93227017,0.9082148
202201121841080039VAS_slice_3163.png,0.89572126,0.92123395,0.9676055
202201121841080039VAS_slice_3189.png,0.93920016,0.934752,0.9493803
202201121841080039VAS_slice_3223.png,0.92238486,0.9524873,0.9808761
202201121841080039VAS_slice_3235.png,0.94715786,0.9700897,0.969834
202201121841080039VAS_slice_3330.png,0.9118254,0.95734364,0.96612537
202201121841080039VAS_slice_3354.png,0.90781665,0.96614724,0.94788843
202201121841080039VAS_slice_374.png,0.92699087,0.9262979,0.9255022
202201121841080039VAS_slice_412.png,0.8944402,0.95166177,0.94601876
202201121841080039VAS_slice_462.png,0.9160913,0.9440019,0.9672341
202201121841080039VAS_slice_497.png,0.9336108,0.9791417,0.945729
202201121841080039VAS_slice_520.png,0.9248077,0.9796005,0.9477141
202201121841080039VAS_slice_60.png,0.94299936,0.9509934,0.9279181
202201121841080039VAS_slice_619.png,0.8948573,0.9440148,0.89420027
202201121841080039VAS_slice_63.png,0.9264046,0.9716815,0.94114035
202201121841080039VAS_slice_671.png,0.9276849,0.96893686,0.9339323
202201121841080039VAS_slice_84.png,0.91660964,0.9724329,0.90849334
202201121844200040VAS_slice_1040.png,0.91670203,0.94207704,0.934156
202201121844200040VAS_slice_1068.png,0.9283071,0.9084996,0.8941169
202201121844200040VAS_slice_1070.png,0.9353706,0.9148397,0.9000571
202201121844200040VAS_slice_1093.png,0.915974,0.9272378,0.9515407
202201121844200040VAS_slice_1151.png,0.90661067,0.9569094,0.88159335
202201121844200040VAS_slice_1158.png,0.91899955,0.9146943,0.9107014
202201121844200040VAS_slice_1224.png,0.8955114,0.9344508,0.91038275
202201121844200040VAS_slice_1244.png,0.8896595,0.9607112,0.90674865
202201121844200040VAS_slice_1356.png,0.9226418,0.9732426,0.92697793
202201121844200040VAS_slice_1405.png,0.8946377,0.9379482,0.9413188
202201121844200040VAS_slice_1420.png,0.9167219,0.9395461,0.9484621
202201121844200040VAS_slice_1445.png,0.8745507,0.9545747,0.9087727
202201121844200040VAS_slice_1490.png,0.84821165,0.9444458,0.8540417
202201121844200040VAS_slice_1580.png,0.93225235,0.96045816,0.95841146
202201121844200040VAS_slice_1596.png,0.9247477,0.9785392,0.9358224
202201121844200040VAS_slice_1601.png,0.909415,0.94693017,0.9191236
202201121844200040VAS_slice_1614.png,0.92199457,0.94152486,0.97463554
202201121844200040VAS_slice_1686.png,0.9204705,0.9279224,0.88855684
202201121844200040VAS_slice_1699.png,0.9257655,0.93241656,0.8991906
202201121844200040VAS_slice_1700.png,0.93516535,0.9345865,0.9121891
202201121844200040VAS_slice_1713.png,0.9173081,0.9398549,0.9712173
202201121844200040VAS_slice_1813.png,0.89332116,0.9248477,0.92791146
202201121844200040VAS_slice_1845.png,0.9271634,0.9662955,0.9332336
202201121844200040VAS_slice_1856.png,0.92058665,0.9512187,0.94209856
202201121844200040VAS_slice_1907.png,0.90599465,0.9541311,0.9207006
202201121844200040VAS_slice_1942.png,0.92817503,0.9464056,0.91816056
202201121844200040VAS_slice_1947.png,0.8962437,0.9495051,0.92118174
202201121844200040VAS_slice_1957.png,0.93618625,0.9246079,0.9200802
202201121844200040VAS_slice_2025.png,0.92201483,0.9658401,0.9256337
202201121844200040VAS_slice_2092.png,0.94328797,0.95763993,0.93946207
202201121844200040VAS_slice_2138.png,0.94503623,0.94334793,0.90725195
202201121844200040VAS_slice_2207.png,0.9172623,0.949639,0.9326179
202201121844200040VAS_slice_253.png,0.89913887,0.9399263,0.8900534
202201121844200040VAS_slice_351.png,0.8873733,0.896292,0.87126386
202201121844200040VAS_slice_370.png,0.91435915,0.9126359,0.88374496
202201121844200040VAS_slice_460.png,0.8927991,0.9334291,0.87118727
202201121844200040VAS_slice_481.png,0.9168953,0.9208434,0.9500382
202201121844200040VAS_slice_499.png,0.93250084,0.9488934,0.94780475
202201121844200040VAS_slice_548.png,0.90923,0.9096622,0.94602954
202201121844200040VAS_slice_600.png,0.87440825,0.90886474,0.9157895
202201121844200040VAS_slice_629.png,0.89669406,0.9105003,0.883392
202201121844200040VAS_slice_645.png,0.91907007,0.9325081,0.9406161
202201121844200040VAS_slice_721.png,0.9115663,0.96210325,0.9322587
202201121844200040VAS_slice_881.png,0.9129939,0.92998934,0.9687009
202201121844200040VAS_slice_895.png,0.92174745,0.9354169,0.90001166
202201121844200040VAS_slice_931.png,0.94940805,0.959291,0.9680661
202201121844200040VAS_slice_994.png,0.9501251,0.94608414,0.9140205
202201121847410041VAS_slice_1030.png,0.88826215,0.871285,0.8559194
202201121847410041VAS_slice_1152.png,0.93278086,0.90027153,0.94546527
202201121847410041VAS_slice_1160.png,0.8449019,0.90794075,0.79581606
202201121847410041VAS_slice_1306.png,0.93251354,0.97032225,0.96871865
202201121847410041VAS_slice_1312.png,0.9205352,0.98410904,0.9406688
202201121847410041VAS_slice_1408.png,0.90481496,0.92135096,0.9658743
202201121847410041VAS_slice_1411.png,0.8788383,0.9166931,0.9196494
202201121847410041VAS_slice_1429.png,0.9231458,0.9717742,0.9514979
202201121847410041VAS_slice_1479.png,0.9531393,0.95662093,0.9587792
202201121847410041VAS_slice_1533.png,0.8949629,0.96885216,0.9279295
202201121847410041VAS_slice_1685.png,0.8925991,0.9357615,0.8801726
202201121847410041VAS_slice_1696.png,0.88606554,0.92461467,0.91861594
202201121847410041VAS_slice_1790.png,0.9214872,0.96202385,0.9290166
202201121847410041VAS_slice_1845.png,0.9050489,0.9674699,0.89282316
202201121847410041VAS_slice_1860.png,0.9093319,0.94002175,0.95158744
202201121847410041VAS_slice_1933.png,0.917179,0.9786368,0.9432049
202201121847410041VAS_slice_2011.png,0.9080992,0.9732741,0.9526576
202201121847410041VAS_slice_2055.png,0.91066295,0.9439089,0.9554541
202201121847410041VAS_slice_2087.png,0.88537025,0.9809654,0.9102447
202201121847410041VAS_slice_2089.png,0.89450395,0.96778417,0.87422484
202201121847410041VAS_slice_2150.png,0.89513516,0.9433143,0.89786696
202201121847410041VAS_slice_2206.png,0.86661017,0.9688065,0.8820323
202201121847410041VAS_slice_2207.png,0.89937663,0.979381,0.9097702
202201121847410041VAS_slice_2272.png,0.92408603,0.963004,0.92622507
202201121847410041VAS_slice_2288.png,0.89263535,0.9517582,0.9449018
202201121847410041VAS_slice_2305.png,0.919305,0.9295746,0.94231755
202201121847410041VAS_slice_2450.png,0.92210436,0.9584699,0.9256328
202201121847410041VAS_slice_2452.png,0.93940645,0.93797034,0.9514009
202201121847410041VAS_slice_2475.png,0.9533158,0.9635844,0.9665783
202201121847410041VAS_slice_2531.png,0.92182124,0.94634366,0.9539769
202201121847410041VAS_slice_2553.png,0.9276286,0.9362649,0.95523834
202201121847410041VAS_slice_2562.png,0.8588721,0.9678965,0.9096411
202201121847410041VAS_slice_2742.png,0.9211483,0.9797224,0.9453571
202201121847410041VAS_slice_322.png,0.91949713,0.9595709,0.9127473
202201121847410041VAS_slice_326.png,0.9110104,0.941333,0.9405754
202201121847410041VAS_slice_376.png,0.95067894,0.9778284,0.9699565
202201121847410041VAS_slice_380.png,0.91439116,0.9659294,0.9454932
202201121847410041VAS_slice_390.png,0.93523514,0.9576986,0.92884564
202201121847410041VAS_slice_396.png,0.92652607,0.9532645,0.93412304
202201121847410041VAS_slice_463.png,0.9232914,0.9285662,0.91032726
202201121847410041VAS_slice_480.png,0.9554218,0.935804,0.95716715
202201121847410041VAS_slice_518.png,0.9472662,0.9618043,0.9701943
202201121847410041VAS_slice_541.png,0.9237634,0.9592228,0.8877915
202201121847410041VAS_slice_590.png,0.9370508,0.97746235,0.9686929
202201121847410041VAS_slice_597.png,0.8946188,0.95661265,0.9468814
202201121847410041VAS_slice_614.png,0.9119452,0.95794964,0.9391559
202201121847410041VAS_slice_814.png,0.94803584,0.9647048,0.94911337
202201121847410041VAS_slice_857.png,0.92746186,0.9246434,0.94736314
202201121847410041VAS_slice_878.png,0.95337695,0.96424437,0.96030575
202201121847410041VAS_slice_882.png,0.9580709,0.93816113,0.9293595
202201121847410041VAS_slice_886.png,0.9410933,0.9472251,0.96188426
202201121847410041VAS_slice_891.png,0.8920045,0.9611218,0.9472449
202201121847410041VAS_slice_918.png,0.8919874,0.9638194,0.9511331
202201121850550042VAS_slice_1051.png,0.9018878,0.9533563,0.94749653
202201121850550042VAS_slice_1064.png,0.91781235,0.98042285,0.9290945
202201121850550042VAS_slice_1195.png,0.919774,0.92506063,0.8989089
202201121850550042VAS_slice_1197.png,0.91107416,0.97303015,0.9458069
202201121850550042VAS_slice_1203.png,0.91749126,0.96188194,0.936234
202201121850550042VAS_slice_1241.png,0.9099923,0.96224153,0.92817897
202201121850550042VAS_slice_1312.png,0.89096713,0.9235009,0.8556875
202201121850550042VAS_slice_1314.png,0.88492036,0.9337433,0.8532287
202201121850550042VAS_slice_1341.png,0.871606,0.938808,0.9059396
202201121850550042VAS_slice_1347.png,0.88705146,0.9633311,0.91179067
202201121850550042VAS_slice_1354.png,0.88771826,0.96920884,0.9089402
202201121850550042VAS_slice_1368.png,0.9081315,0.962449,0.90941644
202201121850550042VAS_slice_1375.png,0.9378869,0.9575454,0.9235245
202201121850550042VAS_slice_1423.png,0.9241296,0.96481574,0.9054214
202201121850550042VAS_slice_1425.png,0.92847353,0.94313926,0.90781355
202201121850550042VAS_slice_1444.png,0.9197376,0.9172981,0.9309696
202201121850550042VAS_slice_1484.png,0.9197657,0.9340035,0.90866184
202201121850550042VAS_slice_1505.png,0.89465564,0.9149647,0.9381899
202201121850550042VAS_slice_1508.png,0.8899826,0.918656,0.9631058
202201121850550042VAS_slice_1515.png,0.92523885,0.9390375,0.9774662
202201121850550042VAS_slice_1526.png,0.86716473,0.9532672,0.9033003
202201121850550042VAS_slice_1531.png,0.89268345,0.9324182,0.9621051
202201121850550042VAS_slice_1610.png,0.94280714,0.980573,0.9684582
202201121850550042VAS_slice_1637.png,0.88714963,0.90082604,0.8602743
202201121850550042VAS_slice_1640.png,0.89998966,0.9440695,0.9599426
202201121850550042VAS_slice_1654.png,0.8459569,0.95482683,0.911175
202201121850550042VAS_slice_1713.png,0.8793682,0.9731011,0.870287
202201121850550042VAS_slice_1732.png,0.9133612,0.9608156,0.94294435
202201121850550042VAS_slice_1784.png,0.8992778,0.95660645,0.9144672
202201121850550042VAS_slice_1902.png,0.8864739,0.94636357,0.8732823
202201121850550042VAS_slice_1908.png,0.9294368,0.89406574,0.87396854
202201121850550042VAS_slice_1935.png,0.9305576,0.9782072,0.9247864
202201121850550042VAS_slice_1990.png,0.9474999,0.9547304,0.9190823
202201121850550042VAS_slice_1999.png,0.9242774,0.91213155,0.9098058
202201121850550042VAS_slice_2002.png,0.94274706,0.95069635,0.95920444
202201121850550042VAS_slice_2183.png,0.9024959,0.8834779,0.9230807
202201121850550042VAS_slice_2194.png,0.90115094,0.9281703,0.9284598
202201121850550042VAS_slice_2224.png,0.91753626,0.9389787,0.87970483
202201121850550042VAS_slice_2280.png,0.88659316,0.93843126,0.8645363
202201121850550042VAS_slice_2343.png,0.94755924,0.9605034,0.96514034
202201121850550042VAS_slice_2432.png,0.91389763,0.96744347,0.93876547
202201121850550042VAS_slice_560.png,0.8736763,0.960112,0.88297236
202201121850550042VAS_slice_571.png,0.8194289,0.9403186,0.84622884
202201121850550042VAS_slice_714.png,0.913517,0.9624798,0.94102794
202201121850550042VAS_slice_775.png,0.9103253,0.94550014,0.9186508
202201121850550042VAS_slice_842.png,0.90143317,0.97281903,0.9283085
202201121850550042VAS_slice_967.png,0.82487154,0.9291833,0.8342507
202201121854340043VAS_slice_2168.png,0.8649518,0.9640083,0.8880683
202201121854340043VAS_slice_2201.png,0.90657413,0.9765635,0.9195036
202201121854340043VAS_slice_2250.png,0.9219262,0.9491,0.90621406
202201121854340043VAS_slice_2276.png,0.8986045,0.9719504,0.9446568
202201121854340043VAS_slice_2287.png,0.91920483,0.97132623,0.9342101
202201121854340043VAS_slice_2293.png,0.9367386,0.970398,0.9468466
202201121854340043VAS_slice_2316.png,0.8939335,0.9085382,0.8892574
202201121854340043VAS_slice_2333.png,0.8740997,0.89786613,0.9096799
202201121854340043VAS_slice_2376.png,0.9076977,0.9488288,0.9134469
202201121854340043VAS_slice_2395.png,0.91075003,0.97677994,0.9123671
202201121854340043VAS_slice_2421.png,0.8523207,0.948853,0.9017361
202201121854340043VAS_slice_2443.png,0.94269365,0.9582295,0.91181445
202201121854340043VAS_slice_2461.png,0.8788584,0.96818316,0.91625553
202201121854340043VAS_slice_2477.png,0.9201579,0.9669212,0.9146267
202201121854340043VAS_slice_2547.png,0.88011366,0.9752487,0.8902794
202201121854340043VAS_slice_2549.png,0.9026439,0.9666155,0.9534314
202201121854340043VAS_slice_2658.png,0.8531179,0.97187054,0.86417687
202201121854340043VAS_slice_2683.png,0.9081611,0.9809753,0.9228424
202201121854340043VAS_slice_2725.png,0.94261825,0.973277,0.97326666
202201121854340043VAS_slice_2751.png,0.914973,0.9505216,0.9334694
202201121854340043VAS_slice_2791.png,0.93524265,0.93095565,0.9607872
202201121854340043VAS_slice_2803.png,0.9401462,0.9735975,0.9545325
202201121854340043VAS_slice_2807.png,0.9357691,0.91819155,0.9331746
202201121854340043VAS_slice_2808.png,0.930732,0.9538881,0.93018395
202201121854340043VAS_slice_2821.png,0.9373381,0.9602423,0.9605007
202201121854340043VAS_slice_2826.png,0.9108557,0.9703722,0.94616324
202201121854340043VAS_slice_2842.png,0.91024595,0.97121334,0.9445281
202201121854340043VAS_slice_2856.png,0.8303298,0.9843003,0.84826946
202201121854340043VAS_slice_2865.png,0.7949773,0.9562873,0.84171
202201121854340043VAS_slice_2935.png,0.9156668,0.9496637,0.9261365
202201121854340043VAS_slice_2936.png,0.9298409,0.96085817,0.93753576
202201121854340043VAS_slice_3044.png,0.87186635,0.9238937,0.8756148
202201121854340043VAS_slice_3089.png,0.90856546,0.965537,0.95293546
202201121858500045VAS_slice_1014.png,0.8213398,0.9352217,0.8963052
202201121858500045VAS_slice_1049.png,0.88553375,0.93673,0.9456557
202201121858500045VAS_slice_1108.png,0.94865656,0.9463386,0.96700734
202201121858500045VAS_slice_1110.png,0.9131688,0.9333239,0.95481116
202201121858500045VAS_slice_1133.png,0.91830254,0.94785714,0.9549643
202201121858500045VAS_slice_1138.png,0.9307281,0.9581139,0.9315745
202201121858500045VAS_slice_1146.png,0.92155766,0.94305253,0.92844355
202201121858500045VAS_slice_1153.png,0.8888352,0.9102113,0.9332824
202201121858500045VAS_slice_1176.png,0.8882855,0.9078708,0.9602617
202201121858500045VAS_slice_1219.png,0.7927991,0.9215633,0.7709605
202201121858500045VAS_slice_1248.png,0.8491705,0.9216615,0.8688686
202201121858500045VAS_slice_1254.png,0.9446425,0.94379234,0.9734602
202201121858500045VAS_slice_1273.png,0.9047884,0.96274626,0.9392049
202201121858500045VAS_slice_1287.png,0.9366894,0.9459517,0.9325378
202201121858500045VAS_slice_1316.png,0.9093462,0.9616674,0.9590515
202201121858500045VAS_slice_1321.png,0.9073659,0.9691701,0.9567448
202201121858500045VAS_slice_1367.png,0.8803652,0.95364803,0.94052297
202201121858500045VAS_slice_1374.png,0.88656193,0.9572628,0.9341957
202201121858500045VAS_slice_1383.png,0.8953916,0.9770908,0.9416046
202201121858500045VAS_slice_1397.png,0.9048897,0.9606537,0.9389856
202201121858500045VAS_slice_1398.png,0.8906568,0.9501259,0.9199556
202201121858500045VAS_slice_1400.png,0.90722144,0.9652893,0.9353391
202201121858500045VAS_slice_1404.png,0.8956614,0.9674052,0.9390112
202201121858500045VAS_slice_1459.png,0.8500902,0.89649975,0.93878144
202201121858500045VAS_slice_1471.png,0.8834565,0.9500098,0.9329983
202201121858500045VAS_slice_1484.png,0.8452749,0.9389247,0.9297208
202201121858500045VAS_slice_1501.png,0.8341712,0.9498859,0.7966684
202201121858500045VAS_slice_1513.png,0.9035382,0.92840904,0.94118255
202201121858500045VAS_slice_1524.png,0.8794982,0.9561615,0.94710076
202201121858500045VAS_slice_1583.png,0.9054966,0.9758402,0.94262016
202201121858500045VAS_slice_1614.png,0.9244525,0.9425014,0.94146115
202201121858500045VAS_slice_1639.png,0.91465044,0.95502937,0.9492816
202201121858500045VAS_slice_1714.png,0.87560046,0.952508,0.9376128
202201121858500045VAS_slice_308.png,0.8927005,0.94359416,0.9087496
202201121858500045VAS_slice_318.png,0.8741455,0.9616467,0.89764756
202201121858500045VAS_slice_324.png,0.9153006,0.9423885,0.964424
202201121858500045VAS_slice_327.png,0.89340466,0.94577837,0.958726
202201121858500045VAS_slice_346.png,0.8907295,0.9485734,0.95694226
202201121858500045VAS_slice_381.png,0.8899021,0.966612,0.92060447
202201121858500045VAS_slice_387.png,0.90343356,0.9660854,0.93688375
202201121858500045VAS_slice_389.png,0.859264,0.9618771,0.9168372
202201121858500045VAS_slice_404.png,0.89160085,0.9340765,0.95525265
202201121858500045VAS_slice_420.png,0.8501786,0.95703775,0.9241056
202201121858500045VAS_slice_460.png,0.8402537,0.9140765,0.9297072
202201121858500045VAS_slice_472.png,0.9001211,0.9569235,0.9404264
202201121858500045VAS_slice_503.png,0.8680804,0.9548247,0.9272647
202201121858500045VAS_slice_519.png,0.8993281,0.9231621,0.89827764
202201121858500045VAS_slice_544.png,0.88330376,0.9361582,0.9175323
202201121858500045VAS_slice_592.png,0.84092396,0.9129521,0.891319
202201121858500045VAS_slice_606.png,0.8985455,0.97501904,0.9232009
202201121858500045VAS_slice_688.png,0.89727825,0.9548402,0.9434901
202201121858500045VAS_slice_697.png,0.8661023,0.9784608,0.89856106
202201121858500045VAS_slice_731.png,0.89758694,0.9602626,0.9465153
202201121858500045VAS_slice_763.png,0.9328488,0.9634952,0.95814204
202201121858500045VAS_slice_765.png,0.8947772,0.9601567,0.9225898
202201121858500045VAS_slice_784.png,0.91806483,0.9562914,0.9443046
202201121858500045VAS_slice_800.png,0.8956991,0.959302,0.9546534
202201121858500045VAS_slice_858.png,0.91787374,0.9564772,0.9605405
202201121858500045VAS_slice_873.png,0.9332924,0.9428379,0.94719875
202201121858500045VAS_slice_895.png,0.89419353,0.9627943,0.9496879
202201121858500045VAS_slice_898.png,0.8824915,0.9515077,0.95831215
202201121858500045VAS_slice_914.png,0.892066,0.9315604,0.96170694
202201121858500045VAS_slice_935.png,0.83514476,0.9696908,0.8698634
202201121858500045VAS_slice_938.png,0.91116244,0.9308288,0.9266434
202201121858500045VAS_slice_956.png,0.855981,0.94696254,0.91285646
202201121858500045VAS_slice_963.png,0.89278436,0.96222335,0.9499592
202201121858500045VAS_slice_964.png,0.8970138,0.9489368,0.9665828
202202071256290010EM VASCULAR_slice_13.png,0.93906623,0.97076595,0.9710124
202202071256290010EM VASCULAR_slice_2.png,0.858508,0.9802339,0.8976191
202202071256290010EM VASCULAR_slice_38.png,0.933491,0.9624691,0.9642408
202202071256290010EM VASCULAR_slice_41.png,0.874118,0.941,0.96742
202202071256380011EM VASCULAR_slice_15.png,0.8434196,0.9592462,0.88132364
202202071256380011EM VASCULAR_slice_35.png,0.92754763,0.96153456,0.9760191
202202071256380011EM VASCULAR_slice_61.png,0.8834473,0.95818293,0.9506893
202202071300220015EM VASCULAR_slice_1020.png,0.8982904,0.98184437,0.9189738
202202071300220015EM VASCULAR_slice_590.png,0.91439235,0.95252264,0.9498911
202202071300220015EM VASCULAR_slice_611.png,0.9214023,0.97431403,0.96356654
202202071300220015EM VASCULAR_slice_623.png,0.9263984,0.9690659,0.94821286
202202071300220015EM VASCULAR_slice_665.png,0.9355026,0.967803,0.9669821
202202071300220015EM VASCULAR_slice_69.png,0.8832388,0.9698921,0.9392077
202202071300220015EM VASCULAR_slice_716.png,0.93099177,0.9715991,0.96205646
202202071300220015EM VASCULAR_slice_763.png,0.9338662,0.97074974,0.9613099
202202071300220015EM VASCULAR_slice_831.png,0.9390645,0.9734618,0.96918494
202202071300220015EM VASCULAR_slice_972.png,0.93362856,0.96536726,0.9598088
202202071301150016EM VASCULAR_slice_353.png,0.9006084,0.9541508,0.965407
202202071301150016EM VASCULAR_slice_496.png,0.93242157,0.9752704,0.97870886
202202071301150016EM VASCULAR_slice_525.png,0.95500916,0.9791279,0.9762292
202202071301150016EM VASCULAR_slice_736.png,0.9091622,0.95162,0.9429722
202202071301150016EM VASCULAR_slice_962.png,0.90555924,0.9570326,0.95624137
202202071308300020EM VASCULAR_slice_123.png,0.9326576,0.9692342,0.9649297
202202071308300020EM VASCULAR_slice_127.png,0.93115914,0.9352035,0.94875276
202202071308300020EM VASCULAR_slice_128.png,0.9295747,0.97295904,0.95883954
202202071308300020EM VASCULAR_slice_129.png,0.9091939,0.9559485,0.96432877
202202071308300020EM VASCULAR_slice_151.png,0.9252371,0.9605961,0.96806544
202202071308300020EM VASCULAR_slice_154.png,0.89342,0.96054137,0.9273021
202202071308300020EM VASCULAR_slice_155.png,0.92081416,0.95708495,0.9468608
202202071308300020EM VASCULAR_slice_17.png,0.92640305,0.9760412,0.9628586
202202071308300020EM VASCULAR_slice_197.png,0.9224814,0.96001464,0.9822268
202202071308300020EM VASCULAR_slice_38.png,0.92046666,0.9699789,0.9561327
202202071308300020EM VASCULAR_slice_44.png,0.9295407,0.964412,0.9690285
202202071308300020EM VASCULAR_slice_603.png,0.9168316,0.96212745,0.9614713
202202071308300020EM VASCULAR_slice_604.png,0.9275771,0.97057664,0.9719472
202202071308300020EM VASCULAR_slice_653.png,0.9125792,0.975412,0.95033205
202202071308300020EM VASCULAR_slice_655.png,0.931551,0.95910066,0.958929
202202071308300020EM VASCULAR_slice_69.png,0.93061453,0.9712007,0.9572672
202202071308300020EM VASCULAR_slice_695.png,0.9295635,0.9805223,0.9648936
202202071308300020EM VASCULAR_slice_72.png,0.92695487,0.968184,0.95395124
202202071308300020EM VASCULAR_slice_727.png,0.9053955,0.96773934,0.9343792
202202071308300020EM VASCULAR_slice_794.png,0.9307341,0.976777,0.9646101
202202071309230021EM VASCULAR_slice_124.png,0.9484315,0.97516656,0.9715755
202202071309230021EM VASCULAR_slice_140.png,0.911116,0.9749917,0.95864016
202202071309230021EM VASCULAR_slice_171.png,0.93971014,0.98233306,0.95561266
202202071309230021EM VASCULAR_slice_188.png,0.9232512,0.9734821,0.961905
202202071309230021EM VASCULAR_slice_211.png,0.9065862,0.9751531,0.93885213
202202071309230021EM VASCULAR_slice_223.png,0.9353032,0.97428906,0.9803843
202202071309230021EM VASCULAR_slice_253.png,0.88486904,0.96470964,0.9273283
202202071309230021EM VASCULAR_slice_255.png,0.90100634,0.96167564,0.9445119
202202071309230021EM VASCULAR_slice_257.png,0.88787097,0.9642168,0.9336493
202202071309230021EM VASCULAR_slice_286.png,0.92807436,0.96414363,0.9502795
202202071309230021EM VASCULAR_slice_320.png,0.93446136,0.9543497,0.9504901
202202071309230021EM VASCULAR_slice_341.png,0.9205676,0.938905,0.95532495
202202071309230021EM VASCULAR_slice_343.png,0.9246725,0.95332867,0.93045473
202202071309230021EM VASCULAR_slice_386.png,0.895909,0.97501194,0.95640624
202202071309230021EM VASCULAR_slice_414.png,0.92677665,0.96796197,0.9541957
202202071309230021EM VASCULAR_slice_43.png,0.9350492,0.9750306,0.9615466
202202071309230021EM VASCULAR_slice_442.png,0.93261266,0.97735304,0.96816903
202202071309230021EM VASCULAR_slice_465.png,0.91282976,0.96708167,0.94820094
202202071309230021EM VASCULAR_slice_471.png,0.92362297,0.96435237,0.9628031
202202071309230021EM VASCULAR_slice_477.png,0.90812373,0.9617273,0.94573253
202202071309230021EM VASCULAR_slice_584.png,0.89465165,0.9703413,0.92738736
202202071309230021EM VASCULAR_slice_585.png,0.91196287,0.9722884,0.95406383
202202071309230021EM VASCULAR_slice_656.png,0.86746573,0.9457618,0.95484614
202202071309230021EM VASCULAR_slice_671.png,0.91149676,0.9749087,0.9535489
202202071309230021EM VASCULAR_slice_676.png,0.9289167,0.96631444,0.96200913
202202071309230021EM VASCULAR_slice_683.png,0.88114965,0.9377384,0.9610928
202202071309230021EM VASCULAR_slice_699.png,0.9430455,0.96685314,0.9732548
202202071309230021EM VASCULAR_slice_701.png,0.9264482,0.9635746,0.9646599
202202071309230021EM VASCULAR_slice_705.png,0.89621204,0.9544963,0.95827097
202202071309230021EM VASCULAR_slice_706.png,0.9069112,0.9519923,0.9681671
202202071309230021EM VASCULAR_slice_714.png,0.91933846,0.97182643,0.9595358
202202071309230021EM VASCULAR_slice_718.png,0.91451824,0.95776343,0.96343124
202202071309230021EM VASCULAR_slice_723.png,0.9323897,0.963277,0.97210133
202202071309230021EM VASCULAR_slice_728.png,0.91702324,0.96136165,0.96981657
202202071309230021EM VASCULAR_slice_735.png,0.88226944,0.95428693,0.95089304
202202071309230021EM VASCULAR_slice_736.png,0.92562747,0.9610307,0.96980655
202202071309230021EM VASCULAR_slice_737.png,0.9173521,0.9704166,0.9708277
202202071309230021EM VASCULAR_slice_747.png,0.90428454,0.9735017,0.94440186
202202071309230021EM VASCULAR_slice_8.png,0.9157714,0.9532112,0.98216784
202202071309230021EM VASCULAR_slice_81.png,0.94190264,0.97958,0.9608821
202202071309230021EM VASCULAR_slice_88.png,0.93432105,0.97953206,0.9617545
202202071309230021EM VASCULAR_slice_91.png,0.8807075,0.9761211,0.9253465
202202071310460022EM VASCULAR_slice_603.png,0.90067184,0.9685157,0.9511198
202202071310460022EM VASCULAR_slice_675.png,0.9187198,0.9529287,0.9587251
202202071310460022EM VASCULAR_slice_684.png,0.9085714,0.97510433,0.9538614
202202071310460022EM VASCULAR_slice_739.png,0.86557233,0.96265244,0.9203995
202202071310460022EM VASCULAR_slice_757.png,0.90756506,0.9494002,0.9579542
202202071313160025EM VASCULAR_slice_369.png,0.90460646,0.9722852,0.94193447
202202071313160025EM VASCULAR_slice_743.png,0.93402886,0.9759442,0.9622917
202202071313160025EM VASCULAR_slice_744.png,0.921072,0.9589226,0.9578705
202202071313160025EM VASCULAR_slice_750.png,0.90714276,0.96019447,0.94268954
202202071313160025EM VASCULAR_slice_759.png,0.9447709,0.97936475,0.959437
202202071313160025EM VASCULAR_slice_763.png,0.9049176,0.96242535,0.9450055
202202071313160025EM VASCULAR_slice_765.png,0.9193511,0.9710098,0.9614389
202202071313160025EM VASCULAR_slice_766.png,0.92695415,0.9674678,0.9735235
202202071313160025EM VASCULAR_slice_777.png,0.89406055,0.93726474,0.96771216
202202071313160025EM VASCULAR_slice_779.png,0.9142224,0.9526308,0.96644706
202202071313160025EM VASCULAR_slice_782.png,0.94267553,0.98451835,0.9689709
202202071314560026VAS_slice_116.png,0.88439214,0.96482366,0.9090401
202202071314560026VAS_slice_149.png,0.90002936,0.9114548,0.9499687
202202071314560026VAS_slice_21.png,0.93383485,0.9627112,0.9491734
202202071314560026VAS_slice_222.png,0.89504397,0.90844804,0.9023854
202202071314560026VAS_slice_254.png,0.8478897,0.94272244,0.8839413
202202071314560026VAS_slice_282.png,0.8925981,0.95067275,0.89594567
202202071314560026VAS_slice_318.png,0.90827566,0.9685731,0.94850874
202202071314560026VAS_slice_339.png,0.92298126,0.96758676,0.9461875
202202071314560026VAS_slice_376.png,0.8684166,0.95722,0.8629312
202202071314560026VAS_slice_392.png,0.89543736,0.9492544,0.9003438
202202071314560026VAS_slice_43.png,0.9071412,0.93731964,0.93229604
202202071314560026VAS_slice_467.png,0.9168105,0.9720666,0.9405867
202202071314560026VAS_slice_476.png,0.87215257,0.96677434,0.87823284
202202071314560026VAS_slice_491.png,0.93325174,0.967232,0.96723133
202202071314560026VAS_slice_494.png,0.9098031,0.9567799,0.8733055
202202071314560026VAS_slice_53.png,0.926654,0.9700134,0.94748765
202202071314560026VAS_slice_628.png,0.9403507,0.9590026,0.97352517
202202071314560026VAS_slice_645.png,0.9323022,0.93263924,0.9773268
202202071314560026VAS_slice_65.png,0.93435025,0.97683924,0.95482457
202202071314560026VAS_slice_666.png,0.9281905,0.9617378,0.97815007
202202071314560026VAS_slice_707.png,0.9467352,0.9556494,0.9585433
202202071314560026VAS_slice_740.png,0.9049717,0.9422613,0.9071629
202202071314560026VAS_slice_744.png,0.9108046,0.9693576,0.9201003
202202071314560026VAS_slice_756.png,0.93772167,0.96941745,0.9336979
202202071314560026VAS_slice_763.png,0.8743136,0.9612265,0.89862806
202202071314560026VAS_slice_845.png,0.9328979,0.96915054,0.9712466
202202071314560026VAS_slice_86.png,0.9407286,0.97065187,0.9564285
202202071314560026VAS_slice_872.png,0.94420797,0.961962,0.97361606
202202071314560026VAS_slice_902.png,0.92347896,0.97741306,0.9617225
202202071314560026VAS_slice_919.png,0.9422506,0.9737587,0.96865344
202202071314560026VAS_slice_972.png,0.8967234,0.9496524,0.91639847
202202071315400027VAS_slice_10.png,0.92005134,0.95896643,0.95120347
202202071315400027VAS_slice_116.png,0.8799132,0.93982565,0.9572474
202202071315400027VAS_slice_137.png,0.9128424,0.9623327,0.95578486
202202071315400027VAS_slice_138.png,0.92888725,0.9662187,0.96158725
202202071315400027VAS_slice_143.png,0.92296004,0.9751639,0.9553342
202202071315400027VAS_slice_168.png,0.8833041,0.9726302,0.88808906
202202071315400027VAS_slice_185.png,0.9424249,0.96619403,0.96563643
202202071315400027VAS_slice_200.png,0.9177797,0.97076046,0.95138687
202202071315400027VAS_slice_201.png,0.9313301,0.9708346,0.9668306
202202071315400027VAS_slice_230.png,0.92228055,0.9727497,0.94988906
202202071315400027VAS_slice_247.png,0.9213808,0.9662421,0.9705445
202202071315400027VAS_slice_260.png,0.9470591,0.9778219,0.9729595
202202071315400027VAS_slice_261.png,0.95894915,0.9786922,0.9764025
202202071315400027VAS_slice_274.png,0.90139115,0.96420497,0.93512523
202202071315400027VAS_slice_275.png,0.92660695,0.9636722,0.9805624
202202071315400027VAS_slice_278.png,0.91962016,0.9704076,0.97129935
202202071315400027VAS_slice_310.png,0.9333447,0.9755377,0.9578999
202202071315400027VAS_slice_313.png,0.94578236,0.9697066,0.9665983
202202071315400027VAS_slice_327.png,0.9257207,0.9720881,0.96375495
202202071315400027VAS_slice_337.png,0.9422395,0.9539058,0.9714472
202202071315400027VAS_slice_340.png,0.9274828,0.96160805,0.96698534
202202071315400027VAS_slice_562.png,0.92701524,0.9717898,0.9648502
202202071315400027VAS_slice_571.png,0.88945776,0.95703626,0.94876814
202202071315400027VAS_slice_582.png,0.92597544,0.9844335,0.945338
202202071315400027VAS_slice_676.png,0.91785336,0.9762684,0.96503484
202202071315400027VAS_slice_80.png,0.93612754,0.9578662,0.96839106
202202071315400027VAS_slice_99.png,0.94409806,0.97605276,0.9741138
202202071316520029VAS_slice_1034.png,0.91392803,0.9718871,0.9643047
202202071316520029VAS_slice_1043.png,0.91807795,0.9690311,0.966583
202202071316520029VAS_slice_106.png,0.9429471,0.98092324,0.9725276
202202071316520029VAS_slice_148.png,0.9166129,0.97293264,0.967931
202202071316520029VAS_slice_159.png,0.9215581,0.9734114,0.952473
202202071316520029VAS_slice_185.png,0.92297256,0.97476465,0.9613589
202202071316520029VAS_slice_243.png,0.94010013,0.9493455,0.9602715
202202071316520029VAS_slice_327.png,0.91969764,0.9219168,0.9637558
202202071316520029VAS_slice_331.png,0.9228448,0.94621235,0.9805409
202202071316520029VAS_slice_339.png,0.9336395,0.947459,0.98056215
202202071316520029VAS_slice_354.png,0.9305407,0.9513414,0.9589215
202202071316520029VAS_slice_371.png,0.92014134,0.9675368,0.9576909
202202071316520029VAS_slice_433.png,0.9062973,0.9620209,0.9540248
202202071316520029VAS_slice_439.png,0.9031615,0.9533627,0.962921
202202071316520029VAS_slice_486.png,0.9217106,0.9689907,0.9699321
202202071316520029VAS_slice_514.png,0.91817796,0.96889853,0.96210814
202202071316520029VAS_slice_517.png,0.9251734,0.9692707,0.9694205
202202071316520029VAS_slice_537.png,0.9143214,0.9428716,0.96202457
202202071316520029VAS_slice_551.png,0.8982985,0.929816,0.89322275
202202071316520029VAS_slice_563.png,0.90842366,0.9721887,0.93746454
202202071316520029VAS_slice_65.png,0.91321754,0.9682348,0.9591507
202202071316520029VAS_slice_654.png,0.93583494,0.97733134,0.9775561
202202071316520029VAS_slice_657.png,0.9213981,0.97692525,0.9675127
202202071316520029VAS_slice_700.png,0.9189971,0.96361154,0.96903396
202202071316520029VAS_slice_814.png,0.952626,0.9608233,0.9750557
202202071316520029VAS_slice_822.png,0.9249425,0.97303635,0.9493708
202202071316520029VAS_slice_870.png,0.9391776,0.96161944,0.96581495
202202071316520029VAS_slice_914.png,0.94199777,0.9783704,0.976421
202202071316520029VAS_slice_916.png,0.9196549,0.98078084,0.9309681
202202071316520029VAS_slice_949.png,0.95371985,0.9692456,0.96520925
202202071317290030VAS_slice_38.png,0.96395135,0.9806839,0.97326374
202202071320220031VAS_slice_104.png,0.92320925,0.9583601,0.9333673
202202071320220031VAS_slice_128.png,0.9407651,0.9781952,0.969689
202202071320220031VAS_slice_188.png,0.92984664,0.9666147,0.9361543
202202071320220031VAS_slice_224.png,0.9374051,0.9698985,0.9708406
202202071320220031VAS_slice_256.png,0.9352899,0.97626656,0.965302
202202071320220031VAS_slice_268.png,0.91166973,0.97428924,0.9572991
202202071320220031VAS_slice_334.png,0.9367549,0.97669685,0.97494256
202202071320220031VAS_slice_389.png,0.9103926,0.9591836,0.96263236
202202071320220031VAS_slice_62.png,0.90739584,0.9704509,0.9469406
202202071320220031VAS_slice_68.png,0.94131255,0.9794041,0.9701726
202202071320220031VAS_slice_98.png,0.8986933,0.95749307,0.97265345
202202071355210050VAS_slice_1013.png,0.86208886,0.9607482,0.9136551
202202071355210050VAS_slice_1053.png,0.9306341,0.96978736,0.9609585
202202071355210050VAS_slice_110.png,0.9293987,0.9588311,0.96908426
202202071355210050VAS_slice_152.png,0.88681734,0.9687554,0.91951895
202202071355210050VAS_slice_179.png,0.9478705,0.9591547,0.96877193
202202071355210050VAS_slice_195.png,0.92174524,0.94611204,0.9605293
202202071355210050VAS_slice_196.png,0.9262192,0.96020997,0.9643871
202202071355210050VAS_slice_197.png,0.91168016,0.9668304,0.9481115
202202071355210050VAS_slice_233.png,0.9211518,0.9700571,0.97479033
202202071355210050VAS_slice_250.png,0.8909578,0.9709494,0.92665017
202202071355210050VAS_slice_260.png,0.9284526,0.95714664,0.96458685
202202071355210050VAS_slice_302.png,0.9201293,0.9777292,0.9506359
202202071355210050VAS_slice_318.png,0.9206788,0.9562133,0.9586491
202202071355210050VAS_slice_344.png,0.8841115,0.9450181,0.9671235
202202071355210050VAS_slice_378.png,0.8501903,0.95098794,0.91464806
202202071355210050VAS_slice_397.png,0.8638946,0.9083474,0.89974093
202202071355210050VAS_slice_401.png,0.9023309,0.9240541,0.91809255
202202071355210050VAS_slice_431.png,0.91687787,0.9487568,0.9636509
202202071355210050VAS_slice_496.png,0.9328799,0.96450365,0.98022735
202202071355210050VAS_slice_535.png,0.84530663,0.96429694,0.9198406
202202071355210050VAS_slice_546.png,0.8722731,0.92326313,0.95934445
202202071355210050VAS_slice_58.png,0.9293598,0.97131854,0.9644539
202202071355210050VAS_slice_599.png,0.8687856,0.94764745,0.93658733
202202071355210050VAS_slice_603.png,0.8749467,0.9512491,0.9329977
202202071355210050VAS_slice_615.png,0.8422858,0.95399606,0.90533376
202202071355210050VAS_slice_692.png,0.8916733,0.9547733,0.9358195
202202071355210050VAS_slice_693.png,0.89107275,0.9334098,0.9279548
202202071355210050VAS_slice_695.png,0.8472953,0.9553077,0.9224804
202202071355210050VAS_slice_705.png,0.8796004,0.954489,0.9202684
202202071355210050VAS_slice_711.png,0.8220098,0.94139814,0.8509517
202202071355210050VAS_slice_745.png,0.89474416,0.92555714,0.9449088
202202071355210050VAS_slice_747.png,0.90981877,0.9495064,0.95402
202202071355210050VAS_slice_763.png,0.8487152,0.92093974,0.8792501
202202071355210050VAS_slice_778.png,0.9024521,0.96645427,0.9413508
202202071355210050VAS_slice_787.png,0.9272765,0.97113967,0.9477886
202202071355210050VAS_slice_804.png,0.9430716,0.9486121,0.94728994
202202071355210050VAS_slice_820.png,0.9066801,0.9638441,0.93867415
202202071355210050VAS_slice_845.png,0.92304826,0.94333255,0.95751244
202202071355210050VAS_slice_87.png,0.8910334,0.96984947,0.9130417
202202071355210050VAS_slice_919.png,0.8854695,0.95527923,0.94518334
202202071355210050VAS_slice_925.png,0.9057355,0.9704068,0.9309605
202202071355210050VAS_slice_984.png,0.9242318,0.9648476,0.9683144
202202071355560051VAS_slice_102.png,0.91733384,0.9476538,0.94135654
202202071355560051VAS_slice_143.png,0.91559315,0.97801465,0.9564244
202202071355560051VAS_slice_145.png,0.91287917,0.9754962,0.95323586
202202071355560051VAS_slice_147.png,0.9345022,0.9741415,0.9558631
202202071355560051VAS_slice_184.png,0.923084,0.9729821,0.95672774
202202071355560051VAS_slice_188.png,0.897451,0.9704428,0.9399929
202202071355560051VAS_slice_200.png,0.89270514,0.96139395,0.9442552
202202071355560051VAS_slice_22.png,0.8531785,0.92777556,0.9476437
202202071355560051VAS_slice_274.png,0.86410886,0.90255034,0.95385265
202202071355560051VAS_slice_3.png,0.881366,0.9247007,0.96308124
202202071355560051VAS_slice_308.png,0.89266753,0.9466248,0.9719375
202202071355560051VAS_slice_313.png,0.8963417,0.94801813,0.8974646
202202071355560051VAS_slice_333.png,0.85729766,0.89686394,0.9551187
202202071355560051VAS_slice_340.png,0.93197876,0.97164756,0.9636326
202202071355560051VAS_slice_351.png,0.88763595,0.9395918,0.9456113
202202071355560051VAS_slice_356.png,0.9098742,0.9612839,0.9334327
202202071355560051VAS_slice_375.png,0.91243505,0.96807224,0.95927155
202202071355560051VAS_slice_411.png,0.9071039,0.97354364,0.96101063
202202071355560051VAS_slice_418.png,0.9258696,0.9613202,0.9630284
202202071355560051VAS_slice_428.png,0.85317487,0.89944553,0.9460101
202202071355560051VAS_slice_436.png,0.9163138,0.9479323,0.9773805
202202071355560051VAS_slice_444.png,0.9170118,0.9383946,0.9552426
202202071355560051VAS_slice_489.png,0.9116658,0.95461047,0.934132
202202071355560051VAS_slice_499.png,0.91433144,0.9393866,0.94910127
202202071355560051VAS_slice_524.png,0.8898924,0.91795367,0.9403192
202202071355560051VAS_slice_549.png,0.8984057,0.9515773,0.96572477
202202071355560051VAS_slice_580.png,0.9112011,0.98043436,0.9352782
202202071355560051VAS_slice_622.png,0.842275,0.96561843,0.889787
202202071355560051VAS_slice_643.png,0.877221,0.9739701,0.8730502
202202071355560051VAS_slice_669.png,0.920236,0.94929755,0.9377792
202202071355560051VAS_slice_672.png,0.9310508,0.9696042,0.96440756
202202071355560051VAS_slice_673.png,0.93155813,0.9749349,0.9734479
202202071355560051VAS_slice_75.png,0.9236629,0.9600574,0.9667835
202202071357530054VAS_slice_1023.png,0.8987358,0.93280065,0.94820476
202202071357530054VAS_slice_1036.png,0.84088266,0.9720137,0.885873
202202071357530054VAS_slice_233.png,0.8623277,0.9548321,0.9184272
202202071357530054VAS_slice_548.png,0.88323724,0.956589,0.91435933
202202071357530054VAS_slice_557.png,0.903883,0.93737924,0.9436244
202202071357530054VAS_slice_580.png,0.83178264,0.9433448,0.9019036
202202071357530054VAS_slice_593.png,0.83081424,0.96737313,0.8822207
202202071357530054VAS_slice_783.png,0.8385595,0.92399925,0.9288542
202202071357530054VAS_slice_794.png,0.9028909,0.9232122,0.9659187
202202071357530054VAS_slice_864.png,0.89888114,0.9062922,0.947909
202202071357530054VAS_slice_867.png,0.84955287,0.9091748,0.9476229
202202071357530054VAS_slice_914.png,0.8800112,0.968372,0.9032305
202202071357530054VAS_slice_916.png,0.85858965,0.977042,0.90097654
202202071357530054VAS_slice_935.png,0.87625885,0.96194327,0.9457545
202202071357530054VAS_slice_949.png,0.9020761,0.9668544,0.9271431
202202071357530054VAS_slice_954.png,0.8852541,0.9749352,0.9321118
202202071357530054VAS_slice_960.png,0.898929,0.98211825,0.93763447
202202071358440055VAS_slice_183.png,0.90449333,0.9551148,0.9516065
202202071358440055VAS_slice_191.png,0.92114735,0.993119,0.91924745
202202071359200056VAS_slice_111.png,0.94587386,0.9592395,0.94349873
202202071359200056VAS_slice_117.png,0.91638386,0.96942437,0.96095586
202202071359200056VAS_slice_180.png,0.8538992,0.92001843,0.9199853
202202071359200056VAS_slice_214.png,0.87448424,0.98084164,0.9057462
202202071359200056VAS_slice_227.png,0.89692926,0.97839475,0.9198019
202202071359200056VAS_slice_258.png,0.90384233,0.95526063,0.94232595
